{"cameraMode":{"drawMode":0,"name":"Shaded","section":"Shading Mode"},"sceneLighting":true,"audioPlay":false,"sceneViewState":{"m_AlwaysRefresh":false,"showFog":true,"showSkybox":true,"showFlares":true,"showImageEffects":true,"showParticleSystems":true,"showVisualEffectGraphs":true,"m_FxEnabled":true},"in2DMode":false,"pivot":{"x":393.2063903808594,"y":8.943729400634766,"z":314.29730224609377},"rotation":{"x":-0.13821132481098176,"y":-0.16296930611133576,"z":0.02217470295727253,"w":-0.9769021272659302},"size":0.46038633584976199,"orthographic":false}